What does a funambulist walk on?	A Tight Rope	Broken Glass	Balls	The Moon
On a dartboard, what number is directly opposite No. 1?	19	20	12	15
Which of these Marvel games was released on the Playstation 2?	Spider-Man 2	Silver Surfer	Howard the Duck	Wolverine: Adamantium Rage
Five dollars is worth how many nickles?	100	50	25	69
What kind of aircraft was developed by Igor Sikorsky in the United States in 1942?	Helicopter	Stealth Blimp	Jet	Space Capsule
According to Sherlock Holmes, "If you eliminate the impossible, whatever remains, however improbable, must be the..."	Truth	Answer	Cause	Source
Which country has the union jack in its flag?	New Zealand	South Africa	Canada	Hong Kong
Which sign of the zodiac is represented by the Crab?	Cancer	Libra	Virgo	Sagittarius
What is the nickname of the US state of California?	Golden State	Sunshine State	Bay State	Treasure State
Which of the following card games revolves around numbers and basic math?	Uno	Go Fish	Twister	Munchkin
How many colors are there in a rainbow?	7	8	9	10
In Half-Life, what is the name of the alien that attaches to heads?	Headcrab	Bullsquid	Vortigaunt	Facehugger
The Canadian $1 coin is colloquially known as a what?	Loonie	Boolie	Foolie	Moodie
When someone is cowardly, they are said to have what color belly?	Yellow	Green	Red	Blue
What is the closest planet to our solar system's sun?	Mercury	Mars	Jupiter	Earth
Who invented the first ever chocolate bar, in 1847?	Joseph Fry	Andrew Johnson	John Cadbury	John Tyler
If you are caught "Goldbricking", what are you doing wrong?	Slacking	Smoking	Stealing	Cheating
According to the nursery rhyme, what fruit did Little Jack Horner pull out of his Christmas pie?	Plum	Apple	Peach	Pear
What do the letters in the GMT time zone stand for?	Greenwich Mean Time	Global Meridian Time	General Median Time	Glasgow Man Time
When was the Playstation 3 released?	November 11, 2006	January 8, 2007	December 25, 2007	July 16, 2006
The New York Times slogan is, “All the News That’s Fit to…”	Print	Digest	Look	Read
Which one of these is not a typical European sword design?	Scimitar	Falchion	Ulfberht	Flamberge
What is the name of NASA’s most famous space telescope?	Hubble Space Telescope	Big Eye	Death Star	Millenium Falcon
In the video-game franchise Kingdom Hearts, the main protagonist, carries a weapon with what shape?	Key	Sword	Pen	Cellphone
Which sign of the zodiac comes between Virgo and Scorpio?	Libra	Gemini	Taurus	Capricorn
What is the name of the Jewish New Year?	Rosh Hashanah	Elul	New Year	Succoss
What nuts are used in the production of marzipan?	Almonds	Peanuts	Walnuts	Pistachios
Area 51 is located in which US state?	Nevada	Arizona	New Mexico	Utah
Waluigi's first appearance was in what game?	Mario Tennis 64 (N64)	Wario Land: Super Mario Land 3	Mario Party (N64)	Super Smash Bros. Ultimate
Which candy is NOT made by Mars?	Almond Joy	M&M's	Twix	Snickers
Terry Gilliam was an animator that worked with which British comedy group?	Monty Python	The Goodies	The League of Gentlemen	The Penny Dreadfuls
What is Tasmania?	An Australian State	A flavor of Ben and Jerry's ice-cream	A Psychological Disorder	The Name of a Warner Brothers Cartoon Character
What company developed the vocaloid Hatsune Miku?	Crypton Future Media	Sega	Sony	Yamaha Corporation
The likeness of which president is featured on the rare $2 bill of USA currency?	Thomas Jefferson	Martin Van Buren	Ulysses Grant	John Quincy Adams
What was the name of the WWF professional wrestling tag team made up of the wrestlers Ax and Smash?	Demolition	The Dream Team	The Bushwhackers	The British Bulldogs
What was the nickname given to the Hughes H-4 Hercules, a heavy transport flying boat which achieved flight in 1947?	Spruce Goose	Noah's Ark	Fat Man	Trojan Horse
 Which chemical element, number 11 in the Periodic table, has the symbol Na?	Sodium	Carbon	Lead	Nitrogen
What is the name of the company in Lethal Company?	The Company	Planet Scrap Co.	Lethal Robotics	Gordian Shipping Co.
The drug cartel run by Pablo Escobar originated in which South American city?	Medellín	Bogotá	Quito	Cali
Foie gras is a French delicacy typically made from what part of a duck or goose?	Liver	Heart	Stomach	Intestines
In aerodynamics, which force pushes an object upwards?	Lift	Drag	Weight	Thrust
Which of the following presidents is not on Mount Rushmore?	John F. Kennedy	Theodore Roosevelt	Abraham Lincoln	Thomas Jefferson
What alcoholic drink is made from molasses?	Rum	Gin	Vodka	Whisky
Who is the author of Jurrasic Park?	Michael Crichton	Peter Benchley	Chuck Paluhniuk	Irvine Welsh
What word represents the letter 'T' in the NATO phonetic alphabet?	Tango	Target	Taxi	Turkey
Who is the youngest person to recieve a Nobel Prize?	Malala Yousafzai	Lawrence Bragg	Werner Heisenberg	Yasser Arafat
Which of the following is the IATA code for Manchester Airport?	MAN	EGLL	LHR	EGCC
In which fast food chain can you order a Jamocha Shake?	Arby's	McDonald's	Burger King	Wendy's
In past times, what would a gentleman keep in his fob pocket?	Watch	Money	Keys	Notebook
Red Vines is a brand of what type of candy?	Licorice	Lollipop	Chocolate	Bubblegum
What is the famous Papa John's last name?	Schnatter	Chowder	Williams	ANDERSON
What is the profession of Elon Musk's mom, Maye Musk?	Model	Professor	Biologist	Musician
When someone is inexperienced they are said to be what color?	Green	Red	Blue	Yellow
What is the French word for "fish"?	poisson	fiche	escargot	mer
Virgin Trains, Virgin Atlantic and Virgin Racing, are all companies owned by which famous entrepreneur?   	Richard Branson	Alan Sugar	Donald Trump	Bill Gates
Which of the following is not an Ivy League University?	Stanford	University of Pennsylvania	Harvard	Princeton
What is the French word for "hat"?	Chapeau	Bonnet	 Écharpe	 Casque
What is the official language of Brazil?	Portugese	Brazilian	Spanish	English
Which best selling toy of 1983 caused hysteria, resulting in riots breaking out in stores?	Cabbage Patch Kids	Transformers	Care Bears	Rubik’s Cube
Where is the train station "Llanfairpwllgwyngyllgogerychwyrndrobwllllantysiliogogogoch"?	Wales	Moldova	Czech Republic	Denmark
How many furlongs are there in a mile?	Eight	Two	Four	Six
What geometric shape is generally used for stop signs?	Octagon	Hexagon	Circle	Triangle
What is "dabbing"?	A dance	A medical procedure	A sport	A language
Which restaurant's mascot is a clown?	McDonald's	Whataburger	Burger King	Sonic
How would one say goodbye in Spanish?	Adi&oacute;s	 Hola	Au Revoir	Salir
What is the first book of the Old Testament?	Genesis	Exodus	Leviticus	Numbers
What type of animal was Harambe, who was shot after a child fell into it's enclosure at the Cincinnati Zoo?	Gorilla	Tiger	Panda	Crocodile
Which American-owned brewery led the country in sales by volume in 2015?	D. G. Yuengling and Son, Inc	Anheuser Busch	Boston Beer Company	Miller Coors
When one is "envious", they are said to be what color?	Green	Red	Blue	Yellow
Who is depicted on the US hundred dollar bill?	Benjamin Franklin	George Washington	Abraham Lincoln	Thomas Jefferson
In DC comics where does the Green Arrow (Oliver Queen) live?	Star City	Central City	Gotham City	Metropolis
Which American president appears on a one dollar bill?	George Washington	Thomas Jefferson	Abraham Lincoln	Benjamin Franklin
What is the largest organ of the human body?	Skin	Heart	large Intestine	Liver
What are Panama hats made out of?	Straw	Silk	Hemp	Flax
What is the shape of the toy invented by Hungarian professor Ernő Rubik?	Cube	Sphere	Cylinder	Pyramid
What does VR stand for?	Virtual Reality	Very Real	Visual Recognition	Voice Recognition
What is the Spanish word for "donkey"?	Burro	Caballo	Toro	Perro
Which of the following blood component forms a plug at the site of injuries?	Platelets	Red blood cells	White blood cells	Blood plasma
What was the first ever London Underground line to be built?	Metropolitan Line	Circle Line	Bakerloo Line	Victoria Line
Which one of the following rhythm games was made by Harmonix?	Rock Band	Meat Beat Mania	Guitar Hero Live	Dance Dance Revolution
What is Cynophobia the fear of?	Dogs	Birds	Flying	Germs
Which company did Valve cooperate with in the creation of the Vive?	HTC	Oculus	Google	Razer
Which of these colours is NOT featured in the logo for Google?	Pink	Yellow	Blue	Green
Earth is located in which galaxy?	The Milky Way Galaxy	The Mars Galaxy	The Galaxy Note	The Black Hole
What is on display in the Madame Tussaud's museum in London?	Wax sculptures	Designer clothing	Unreleased film reels	Vintage cars
The “fairy” type made it’s debut in which generation of the Pokemon core series games?	6th	2nd	7th	4th
What machine element is located in the center of fidget spinners?	Bearings	Axles	Gears	Belts
What airline was the owner of the plane that crashed off the coast of Nova Scotia in 1998?	Swiss Air	Air France	British Airways	TWA
Which of the following is not the host of a program on NPR?	Ben Shapiro	Terry Gross	Ira Glass	Peter Sagal
What zodiac sign is represented by a pair of scales?	Libra	Aries	Capricorn	Sagittarius
The Flag of the European Union has how many stars on it?	12	10	14	16
What is the name of Poland in Polish?	Polska	Pupcia	Polszka	P&oacute;land
Which country, not including Japan, has the most people of japanese decent?	Brazil	China	South Korea	United States of America
What do the letters of the fast food chain KFC stand for?	Kentucky Fried Chicken	Kentucky Fresh Cheese	Kibbled Freaky Cow	Kiwi Food Cut
How tall is the Burj Khalifa?	2,722 ft	2,717 ft	2,546 ft	3,024 ft
What does the 'S' stand for in the abbreviation SIM, as in SIM card? 	Subscriber	Single	Secure	Solid
What is the Zodiac symbol for Gemini?	Twins	Fish	Scales	Maiden
What is the capital of Germany?	Berlin	Paris	Madrid	Rome
What is the largest country by area?	Russia	Canada	China	Brazil
Who developed the theory of relativity?	Einstein	Newton	Galileo	Tesla
Which element has the chemical symbol O?	Oxygen	Hydrogen	Nitrogen	Helium
What planet is closest to the Sun?	Mercury	Venus	Earth	Mars
What is the largest mammal?	Blue Whale	Elephant	Giraffe	Hippopotamus
What is the chemical symbol for iron?	Fe	Au	Ag	Pb
What is the boiling point of water in Celsius?	100	90	110	120
Which planet is known for its rings?	Saturn	Jupiter	Uranus	Neptune
What is the largest desert in the world?	Sahara	Gobi	Kalahari	Arctic
What is the square root of 64?	8	6	7	9
Who invented the telephone?	Bell	Edison	Marconi	Tesla
Which planet is known as the Blue Planet?	Earth	Mars	Neptune	Venus
What is the largest continent?	Asia	Africa	Europe	Antarctica
What is 12 * 12?	144	132	156	169
What is the chemical symbol for gold?	Au	Ag	Fe	Pb
What is the square root of 16?	4	2	3	5
What is the currency of Japan?	Yen	Won	Yuan	Baht
What is the largest planet in our solar system?	Jupiter	Saturn	Uranus	Neptune
What is the chemical symbol for silver?	Ag	Au	Pt	Pb
What is the most spoken language in the world?	Mandarin	English	Spanish	Hindi
What is the chemical symbol for sodium?	Na	K	S	Cl
What is 7 + 8?	15	14	16	17
What is the freezing point of water in Celsius?	0	-1	1	2
What is the largest island in the world?	Greenland	Australia	Madagascar	Borneo
What is the chemical symbol for potassium?	K	P	Ca	Mg
What is the national sport of Japan?	Sumo	Judo	Karate	Kendo
What is the primary language spoken in Brazil?	Portuguese	Spanish	English	French
What is the primary ingredient in guacamole?	Avocado	Tomato	Onion	Cilantro
What is the primary ingredient in bread?	Flour	Water	Yeast	Sugar
What is the primary ingredient in sushi?	Rice	Fish	Seaweed	Soy sauce
What is the main ingredient in hummus?	Chickpeas	Lentils	Beans	Peas
What is the most common blood type?	O+	A+	B+	AB+
What is the largest organ in the human body?	Skin	Liver	Heart	Lung
What is the hardest natural substance on Earth?	Diamond	Quartz	Corundum	Topaz
What is the smallest bone in the human body?	Stapes	Incus	Malleus	Femur
What is the chemical formula for water?	H2O	CO2	O2	N2
What is the main gas found in the air we breathe?	Nitrogen	Oxygen	Carbon Dioxide	Argon
What is the powerhouse of the cell?	Mitochondria	Nucleus	Ribosome	Lysosome
What is the main protein found in hair?	Keratin	Collagen	Elastin	Myosin
What is the answer to the ultimate question of life, the universe, and everything?	42	24	54	12
What is the longest bone in the human body?	Femur	Tibia	Fibula	Humerus
What is the main organ of the circulatory system?	Heart	Lungs	Liver	Kidney
What is the largest artery in the human body?	Aorta	Carotid	Femoral	Radial
What is the smallest unit of life?	Cell	Atom	Molecule	Organ
What is the most common element in the universe?	Hydrogen	Helium	Oxygen	Carbon
What is the second most abundant element in the Earth's crust?	Silicon	Oxygen	Aluminum	Iron
What is the most abundant gas in the Earth's atmosphere?	Nitrogen	Oxygen	Argon	Carbon Dioxide
What is the main gas that plants use for photosynthesis?	Carbon	Oxygen	Nitrogen	Hydrogen
What is the chemical symbol for lead?	Pb	Fe	Au	Ag
What is the hardest mineral on the Mohs scale?	Diamond	Corundum	Topaz	Quartz
What is the chemical formula for table salt?	NaCl	KCl	MgCl2	CaCl2
What is the chemical symbol for helium?	He	H	Li	Be
What is the process by which plants make food?	Photosynthesis	Respiration	Digestion	Fermentation
What is the chemical symbol for carbon dioxide?	CO2	CO	O2	H2O
What is the smallest planet in our solar system?	Mercury	Venus	Earth	Mars
What is the hottest planet in our solar system?	Venus	Mercury	Mars	Jupiter
What is the chemical symbol for nitrogen?	N	Ne	Ni	Na
What is the main component of natural gas?	Methane	Ethane	Propane	Butane
What is the chemical symbol for calcium?	Ca	Cl	C	Cu
What is the chemical formula for ammonia?	NH3	H2O	CO2	O2
What is the main component of limestone?	Calcite	Quartz	Feldspar	Mica
What is the chemical symbol for zinc?	Zn	Zr	Ze	Z
What is the most common element in the Earth's crust?	Oxygen	Silicon	Iron	Aluminum
What is the process by which water changes from a liquid to a gas?	Evaporation	Condensation	Sublimation	Precipitation
What is the main gas responsible for the greenhouse effect?	Carbon	Nitrogen	Oxygen	Helium
What is the main element used in pencil lead?	Carbon	Graphite	Silicon	Iron
What is the chemical symbol for hydrogen?	H	He	Hg	Hf
What is the process by which a solid turns directly into a gas?	Sublimation	Evaporation	Condensation	Deposition
What is the main element in diamonds?	Carbon	Silicon	Oxygen	Hydrogen
What is the most reactive metal?	Francium	Sodium	Potassium	Lithium
What is the chemical symbol for chlorine?	Cl	C	Ca	Cr
What is the main element used in batteries?	Lithium	Zinc	Nickel	Lead
What is the main element used in semiconductors?	Silicon	Germanium	Carbon	Tin
What is the most abundant metal in the Earth's crust?	Aluminum	Iron	Calcium	Sodium
What is the chemical symbol for magnesium?	Mg	Mn	Mo	Ma
What is the process by which plants release water vapor?	Transpiration	Respiration	Photosynthesis	Evaporation
What is the main gas in the Earth's stratosphere?	Ozone	Oxygen	Nitrogen	Argon
What is the chemical symbol for uranium?	U	Ur	Um	Un
What is the chemical symbol for sulfur?	S	Si	Se	Sb
What is the main element in steel?	Iron	Carbon	Nickel	Chromium
What is the chemical symbol for tin?	Sn	Ti	Te	Ta
What is the main gas in a helium balloon?	Helium	Hydrogen	Nitrogen	Oxygen
What is the process by which ice turns directly into water vapor?	Sublimation	Evaporation	Condensation	Freezing
What is the main element in quartz?	Silicon	Oxygen	Aluminum	Carbon
What is the most common isotope of hydrogen?	H	D	T	He
What is the main component of glass?	Silicon	Carbon	Oxygen	Aluminum
What is the chemical symbol for argon?	Ar	Ag	Au	Al
What is the process by which a gas turns into a liquid?	Condensation	Evaporation	Sublimation	Deposition
What is the main element in rust?	Iron	Copper	Zinc	Aluminum
Who is known as the father of modern physics?	Einstein	Newton	Galileo	Bohr
What is the capital of Brazil?	Brasilia	Rio	Sao Paulo	Salvador
Who painted the ceiling of the Sistine Chapel?	Michelangelo	Da Vinci	Raphael	Donatello
What is the primary ingredient in pesto sauce?	Basil	Tomato	Garlic	Olive
Who discovered penicillin?	Fleming	Pasteur	Koch	Jenner
What is the largest planet in the solar system?	Jupiter	Saturn	Neptune	Uranus
Who wrote 'The Great Gatsby'?	Fitzgerald	Hemingway	Faulkner	Steinbeck
What is the currency of Russia?	Ruble	Dollar	Euro	Yen
What is the longest river in Europe?	Volga	Danube	Rhine	Dnieper
What is the main ingredient in miso soup?	Miso	Tofu	Seaweed	Rice
Who invented the World Wide Web?	Berners-Lee	Gates	Jobs	Zuckerberg
What is the primary language spoken in Brazil?	Portuguese	Spanish	English	French
What is the smallest continent?	Australia	Europe	Antarctica	South America
Who painted 'The Birth of Venus'?	Botticelli	Da Vinci	Michelangelo	Raphael
What is the chemical symbol for helium?	He	H	Li	Be
Who discovered the structure of DNA?	Watson	Crick	Franklin	Mendel
What is the highest waterfall in the world?	Angel	Niagara	Victoria	Iguazu
Who is known as the father of modern chemistry?	Lavoisier	Mendeleev	Boyle	Dalton
What is the main ingredient in sauerkraut?	Cabbage	Carrot	Onion	Beet
Who wrote 'The Catcher in the Rye'?	Salinger	Hemingway	Fitzgerald	Steinbeck
What is the capital of Canada?	Ottawa	Toronto	Vancouver	Montreal
What is the largest organ in the human body?	Skin	Liver	Heart	Lung
Who painted 'Guernica'?	Picasso	Dali	Miro	Goya
What is the chemical symbol for potassium?	K	P	Ca	Mg
What is the largest island in the Mediterranean Sea?	Sicily	Crete	Cyprus	Sardinia
Who discovered the theory of evolution?	Darwin	Lamarck	Wallace	Mendel
What is the main ingredient in vodka?	Potato	Wheat	Barley	Corn
Who wrote 'The Old Man and the Sea'?	Hemingway	Faulkner	Fitzgerald	Steinbeck
What is the capital of Greece?	Athens	Sparta	Thessaloniki	Patras
What is the largest ocean on Earth?	Pacific	Atlantic	Indian	Arctic
Who invented the light bulb?	Edison	Tesla	Faraday	Volta
What is the smallest prime number?	2	3	5	1
What is the most abundant gas in the Earth's atmosphere?	Nitrogen	Oxygen	Argon	Carbon Dioxide
Who painted 'The Starry Night'?	Van Gogh	Monet	Renoir	Manet
What is the main ingredient in chocolate?	Cocoa	Milk	Sugar	Butter
Who discovered the law of gravity?	Newton	Kepler	Galileo	Copernicus
What is the capital of Egypt?	Cairo	Alexandria	Giza	Luxor
What is the chemical symbol for iron?	Fe	Ir	In	I
Who wrote 'Brave New World'?	Huxley	Orwell	Bradbury	Asimov
What is the largest mammal?	Blue Whale	Elephant	Giraffe	Hippopotamus
What is the capital of India?	Delhi	Mumbai	Kolkata	Chennai
What is the primary ingredient in gin?	Juniper	Grapes	Potatoes	Wheat
Who discovered radioactivity?	Curie	Einstein	Rutherford	Bohr
What is the most widely spoken language in the world?	Mandarin	English	Spanish	Hindi
Who painted 'The Scream'?	Munch	Dali	Picasso	Van Gogh
What is the chemical symbol for gold?	Au	Ag	Pb	Pt
What is the longest river in Africa?	Nile	Congo	Niger	Zambezi
Who invented the telephone?	Bell	Edison	Marconi	Tesla
What is the capital of Italy?	Rome	Milan	Florence	Venice
What is the main ingredient in beer?	Malt	Hops	Yeast	Water
Who wrote 'The Divine Comedy'?	Dante	Chaucer	Milton	Homer
What is the smallest ocean in the world?	Arctic	Indian	Atlantic	Southern
What is the capital of Japan?	Tokyo	Osaka	Kyoto	Hiroshima
Who discovered electricity?	Franklin	Tesla	Edison	Volta
What is the main ingredient in wine?	Grape	Apple	Pear	Plum
What is the largest country by area?	Russia	Canada	China	USA
Who wrote 'War and Peace'?	Tolstoy	Dostoevsky	Pushkin	Turgenev
What is the chemical symbol for silver?	Ag	Au	Al	As
What is the capital of China?	Beijing	Shanghai	Guangzhou	Shenzhen
What is the main ingredient in tea?	Tea	Water	Milk	Lemon
What is the longest river in North America?	Missouri	Mississippi	Colorado	Rio Grande
What is the capital of Spain?	Madrid	Barcelona	Valencia	Seville
Who discovered the circulation of blood?	Harvey	Jenner	Pasteur	Lister
What is the main ingredient in pizza?	Dough	Cheese	Tomato	Pepperoni
What is the tallest building in the world?	Burj Khalifa	Shanghai Tower	Abraj Al-Bait	One World Trade Center
Who wrote 'One Hundred Years of Solitude'?	Marquez	Borges	Neruda	Allende
What is the capital of South Korea?	Seoul	Busan	Incheon	Daegu
What is the largest moon of Saturn?	Titan	Rhea	Iapetus	Dione
What is the main ingredient in hummus?	Chickpea	Tahini	Olive Oil	Garlic
What is the capital of Mexico?	Mexico City	Guadalajara	Monterrey	Tijuana
Who discovered penicillin?	Fleming	Pasteur	Koch	Salk
What is the smallest planet in the solar system?	Mercury	Venus	Mars	Earth
What is the main ingredient in whiskey?	Grain	Water	Yeast	Sugar
Who wrote 'Moby Dick'?	Melville	Twain	Poe	Hawthorne
What is the largest planet in the solar system?	Jupiter	Saturn	Uranus	Neptune
What is the main ingredient in bread?	Flour	Yeast	Water	Salt
Who discovered the law of relativity?	Einstein	Newton	Hawking	Galileo
What is the capital of Australia?	Canberra	Sydney	Melbourne	Brisbane
What is the most common element in the universe?	Hydrogen	Oxygen	Helium	Carbon
What is the smallest bone in the human body?	Stapes	Incus	Malleus	Femur
What is the primary ingredient in vodka?	Potato	Wheat	Barley	Corn
Who directed "Avatar"?	Cameron	Spielberg	Nolan	Scott
What is the capital of Canada?	Ottawa	Toronto	Vancouver	Montreal
What is the smallest country in the world by area?	Vatican	Monaco	Nauru	Malta
Who wrote "To Kill a Mockingbird"?	Lee	Steinbeck	Fitzgerald	Hemingway
What is the main ingredient in guacamole?	Avocado	Tomato	Onion	Lemon
Who is the CEO of Apple Inc. as of 2021?	Cook	Jobs	Bezos	Musk
What is the tallest mountain in Africa?	Kilimanjaro	Mount Kenya	Rwenzori	Drakensberg
What is the chemical symbol for hydrogen?	H	He	Hg	O
Who painted "The Persistence of Memory"?	Dali	Picasso	Van Gogh	Monet
What is the longest river in Asia?	Yangtze	Yellow	Ganges	Mekong
Who directed "Inception"?	Nolan	Spielberg	Cameron	Tarantino
What is the main ingredient in ratatouille?	Eggplant	Tomato	Zucchini	Onion
What is the smallest continent by area?	Australia	Europe	Antarctica	South America
What is the main ingredient in miso soup?	Miso	Tofu	Seaweed	Rice
Who invented the telephone?	Bell	Edison	Tesla	Marconi
What is the capital of Italy?	Rome	Milan	Venice	Florence
What is the main ingredient in borscht?	Beetroot	Cabbage	Potato	Carrot
Who discovered the theory of relativity?	Einstein	Newton	Hawking	Galileo
What is the primary ingredient in pesto?	Basil	Garlic	Olive Oil	Pine Nuts
Who wrote "The Catcher in the Rye"?	Salinger	Hemingway	Fitzgerald	Steinbeck
What is the main ingredient in tabbouleh?	Bulgur	Couscous	Quinoa	Rice
Who directed "Jurassic Park"?	Spielberg	Cameron	Nolan	Scott
What is the capital of Greece?	Athens	Sparta	Thessaloniki	Patras
What is the longest river in South America?	Amazon	Orinoco	Parana	Uruguay
Who wrote "The Great Gatsby"?	Fitzgerald	Hemingway	Faulkner	Steinbeck
What is the chemical symbol for silver?	Ag	Au	Al	As
Who painted the "Birth of Venus"?	Botticelli	Da Vinci	Michelangelo	Raphael
Who discovered the law of gravity?	Newton	Kepler	Galileo	Copernicus
What is the primary language spoken in Brazil?	Portuguese	Spanish	English	French
Who directed "Pulp Fiction"?	Tarantino	Nolan	Cameron	Scott
What is the main ingredient in falafel?	Chickpeas	Lentils	Beans	Peas
Who invented the World Wide Web?	Berners-Lee	Gates	Jobs	Zuckerberg
What is the capital of Russia?	Moscow	St. Petersburg	Novosibirsk	Kazan
What is the tallest mountain in the world?	Everest	K2	Kangchenjunga	Lhotse
Who painted "The Starry Night"?	Van Gogh	Monet	Renoir	Manet
What is the main ingredient in risotto?	Rice	Barley	Quinoa	Wheat
Who is the author of the "Harry Potter" series?	Rowling	Tolkien	Lewis	Martin
What is the capital of New Zealand?	Wellington	Auckland	Christchurch	Dunedin
Who discovered the structure of DNA?	Watson	Crick	Franklin	Mendel
Who directed "Titanic"?	Cameron	Spielberg	Nolan	Scott
What is the main ingredient in paella?	Rice	Shrimp	Chicken	Peas
Who wrote "The Lord of the Rings"?	Tolkien	Lewis	Rowling	Martin
What is the capital of Egypt?	Cairo	Alexandria	Giza	Luxor
What is the chemical symbol for gold?	Au	Ag	Fe	Pb
What is the largest island in the Mediterranean Sea?	Sicily	Cyprus	Crete	Malta
Who discovered the circulation of blood?	Harvey	Pasteur	Jenner	Lister
What is the main ingredient in pizza?	Dough	Cheese	Tomato	Pepperoni
What is the tallest building in the world?	Burj Khalifa	Shanghai Tower	Abraj Al-Bait	One World Trade Center
Who wrote "One Hundred Years of Solitude"?	Marquez	Borges	Neruda	Allende
What is the capital of South Korea?	Seoul	Busan	Incheon	Daegu
What is the largest moon of Saturn?	Titan	Rhea	Iapetus	Dione
What is the main ingredient in kimchi?	Cabbage	Radish	Garlic	Ginger
What is the capital of Mexico?	Mexico City	Guadalajara	Monterrey	Tijuana
Who discovered radioactivity?	Curie	Einstein	Rutherford	Bohr
What is the smallest planet in the solar system?	Mercury	Venus	Mars	Earth
What is the main ingredient in whiskey?	Grain	Water	Yeast	Sugar
Who wrote "Moby Dick"?	Melville	Twain	Poe	Hawthorne
What is the largest planet in the solar system?	Jupiter	Saturn	Uranus	Neptune
What is the main ingredient in bread?	Flour	Yeast	Water	Salt
Who discovered the law of relativity?	Einstein	Newton	Hawking	Galileo
What is the capital of Australia?	Canberra	Sydney	Melbourne	Brisbane
What is the most common element in the universe?	Hydrogen	Oxygen	Helium	Carbon
What is the smallest bone in the human body?	Stapes	Incus	Malleus	Femur
What is the largest country by area?	Russia	Canada	China	USA
What is the most widely spoken language in the world?	Mandarin	English	Spanish	Hindi
What is the main ingredient in chocolate?	Cocoa	Milk	Sugar	Butter
What is the longest river in North America?	Missouri	Mississippi	Colorado	Rio Grande
Who directed "The Godfather"?	Coppola	Scorsese	Spielberg	Tarantino
What is the main ingredient in salsa?	Tomato	Onion	Pepper	Garlic
What is the capital of Norway?	Oslo	Bergen	Trondheim	Stavanger
What is the primary ingredient in wine?	Grape	Water	Sugar	Yeast
What is the capital of Sweden?	Stockholm	Gothenburg	Malmo	Uppsala
What is the main ingredient in mayonnaise?	Egg	Oil	Vinegar	Mustard
What is the name of the spaceship in "Star Wars"?	Millennium Falcon	Star Destroyer	X-Wing	TIE Fighter
Who directed "The Dark Knight"?	Nolan	Spielberg	Cameron	Scott
What is the primary ingredient in gin?	Juniper	Grain	Vodka	Lime
What year did the Berlin Wall fall?	1989	1987	1991	1993
What is the largest country in South America by area?	Brazil	Argentina	Peru	Colombia
Who wrote "The Hobbit"?	Tolkien	Lewis	Rowling	Martin
What is the main ingredient in a margarita?	Tequila	Vodka	Rum	Gin
Who directed "The Matrix"?	Wachowski	Nolan	Cameron	Scott
What is the smallest country in the world by population?	Nauru	Monaco	Vatican	Liechtenstein
What is the main ingredient in ramen?	Noodles	Rice	Fish	Beef
Who wrote "The Shining"?	King	Poe	Lovecraft	Shelley
What is the primary ingredient in a Bloody Mary?	Tomato	Vodka	Lime	Pepper
Who directed "Schindler's List"?	Spielberg	Cameron	Nolan	Tarantino
What is the capital of Iceland?	Reykjavik	Akureyri	Keflavik	Hafnarfjordur
What is the main ingredient in a mojito?	Rum	Vodka	Gin	Whiskey
Who painted "The Persistence of Memory"?	Dali	Picasso	Van Gogh	Monet
What is the main ingredient in gazpacho?	Tomato	Cucumber	Pepper	Onion
What is the most popular cryptocurrency in 2024?	Bitcoin	Ethereum	Litecoin	Ripple
Who is the president of the United States in 2024?	Biden	Trump	Obama	Harris
What is the latest model of Samsung's flagship phone?	Galaxy	Note	Pixel	iPhone
Which company owns YouTube?	Google	Facebook	Amazon	Microsoft
What is the best-selling video game of 2023?	Elden Ring	Cyberpunk	Minecraft	GTA V
What technology is used for wireless payments on smartphones?	NFC	Bluetooth	Wi-Fi	QR
Who won the Super Bowl in 2023?	Chiefs	Patriots	Rams	Packers
What is the highest-grossing movie of 2023?	Avatar 2	Avengers	Titanic	Star Wars
Which city hosted the 2024 Summer Olympics?	Paris	Tokyo	Los Angeles	London
What is the most widely used operating system in 2024?	Windows	MacOS	Linux	Android
Who is the founder of Amazon?	Bezos	Gates	Jobs	Musk
What is the leading electric car manufacturer in 2024?	Tesla	Ford	GM	BMW
Which social media platform launched Threads in 2023?	Instagram	Facebook	Twitter	TikTok
What is the most popular music streaming service in 2024?	Spotify	Apple Music	YouTube Music	Amazon Music
Who is the current Prime Minister of the United Kingdom?	Sunak	Johnson	Truss	May
What is the best-selling book of 2023?	Spare	Harry Potter	The Alchemist	The Great Gatsby
Which company is known for its Surface line of devices?	Microsoft	Apple	Samsung	Dell
What is the name of the AI language model by OpenAI?	GPT	BERT	T5	RoBERTa
Who won the 2023 Nobel Peace Prize?	Murad	Gbowee	Mukwege	Santos
What is the most popular coding language in 2024?	Python	JavaScript	C++	Java
Which company developed the Oculus VR headset?	Meta	Google	Apple	Sony
What is the name of SpaceX's Mars mission rocket?	Starship	Falcon	Dragon	Apollo
Who is the current CEO of Apple?	Cook	Jobs	Bezos	Musk
What is the most streamed TV series on Netflix in 2024?	Bridgerton	Stranger Things	Squid Game	Money Heist
Which country leads in 5G technology deployment?	China	USA	Japan	South Korea
What is the most popular smart home device in 2024?	Alexa	Google Home	Nest	Ring
Who is the main character in the game "The Last of Us"?	Ellie	Joel	Abby	Tommy
What is the fastest growing social media platform in 2024?	TikTok	Instagram	Facebook	Twitter
Which company produces the Galaxy series of smartphones?	Samsung	Apple	Huawei	Nokia
What is the top-selling electric vehicle in 2024?	Model	Bolt	Leaf	Taycan
Who is the current Chancellor of Germany?	Scholz	Merkel	Scholtz	Johnson
What is the most popular web browser in 2024?	Chrome	Firefox	Safari	Edge
Who won the 2023 Ballon d'Or?	Messi	Ronaldo	Lewandowski	Neymar
Which country is the largest producer of renewable energy in 2024?	China	USA	India	Germany
What is the most popular programming language for web development in 2024?	JavaScript	Python	Ruby	PHP
Who is the main antagonist in the movie "Avengers: Endgame"?	Thanos	Loki	Ultron	Hela
What is the most popular fitness app in 2024?	MyFitness	Fitbit	Strava	Nike Run
Which company is leading in AI research in 2024?	Google	IBM	Microsoft	OpenAI
What is the name of the new Microsoft AI chatbot?	Bing	Cortana	Alexa	Siri
Who is the author of the "Harry Potter" series?	Rowling	Tolkien	Lewis	Martin
What is the most popular online shopping site in 2024?	Amazon	eBay	Alibaba	Walmart
Which country has the largest population in 2024?	India	China	USA	Indonesia
What is the name of the latest Windows operating system?	Windows	Vista	XP	7
Who won the 2024 NBA Championship?	Nuggets	Lakers	Heat	Warriors
What is the most popular mobile game in 2024?	Among Us	Candy Crush	PUBG	Fortnite
Which company produces the Pixel line of smartphones?	Google	Samsung	Apple	OnePlus
What is the most popular online learning platform in 2024?	Udemy	Coursera	Khan Academy	edX
Who is the lead singer of the band Coldplay?	Martin	Grohl	Bono	Hetfield
What is the name of the latest Marvel movie released in 2024?	Eternals	Avengers	Spiderman	Thor
What is the most popular streaming service for TV shows in 2024?	Netflix	Hulu	Amazon Prime	Disney+
Which car company is known for the Model S?	Tesla	Ford	BMW	Audi
Who is the CEO of Facebook?	Zuckerberg	Bezos	Cook	Pichai
What is the best-selling smart speaker in 2024?	Alexa	Google Home	Sonos	HomePod
Which country won the 2023 Rugby World Cup?	France	New Zealand	England	South Africa
What is the top-selling video game console in 2024?	Switch	PlayStation	Xbox	Stadia
Who is the main character in the game "Cyberpunk 2077"?	V	Johnny	Jackie	Judy
What is the most used programming language in 2024?	Python	Java	C++	Swift
Who is the director of the movie "Inception"?	Nolan	Spielberg	Cameron	Tarantino
What is the most popular VR headset in 2024?	Quest 3	Vive	Rift	Index
What is the name of the latest SpaceX rocket?	Starship	Falcon	Dragon	Apollo
Who is the CEO of Microsoft?	Nadella	Gates	Ballmer	Bezos
What is the most popular mobile operating system in 2024?	Android	iOS	Windows	Harmony
What is the top-selling electric bike in 2024?	Zero	Harley	Trek	Specialized
Who is the main character in the series "Stranger Things"?	Eleven	Mike	Lucas	Dustin
What is the most popular cloud storage service in 2024?	Dropbox	Google Drive	iCloud	OneDrive
Who won the 2023 Tour de France?	Pogacar	Froome	Thomas	Bernal
What is the most popular home workout equipment in 2024?	Peloton	NordicTrack	Bowflex	Tonal
What is the name of the AI assistant developed by Amazon?	Alexa	Siri	Cortana	Google Assistant
Who is the CEO of Twitter?	Musk	Dorsey	Zuckerberg	Bezos
What company is known for its ThinkPad line of laptops?	Lenovo	Dell	HP	Asus
Which country hosted the 2024 Winter Olympics?	Italy	Japan	Canada	Russia
What is the most popular fintech app in 2024?	PayPal	Venmo	Square	Stripe
Who is the lead character in the game "Fortnite"?	Jones	Peely	Drift	Raven
What is the most popular video conferencing tool in 2024?	Zoom	Teams	Skype	WebEx
Who is the author of "The Hunger Games"?	Collins	Rowling	Tolkien	Martin
What is the most popular online payment system in 2024?	PayPal	Venmo	Zelle	Stripe
Who is the main character in "The Witcher" series?	Geralt	Yennefer	Ciri	Triss
What is the most popular fitness tracker in 2024?	Fitbit	Apple Watch	Garmin	Samsung Gear
Who won the 2024 Grammy Award for Best Album?	Swift	Adele	Beyonce	Drake
What is the most used search engine in 2024?	Google	Bing	Yahoo	DuckDuckGo
Who is the main character in "The Mandalorian"?	Mando	Grogu	Cara	Boba
What is the most popular online marketplace in 2024?	Amazon	eBay	Alibaba	Etsy
Which company produces the Xbox console?	Microsoft	Sony	Nintendo	Sega
What is the name of the latest Star Wars movie?	Rogue One	A New Hope	The Last Jedi	The Rise of Skywalker
Who is the director of "Avatar: The Way of Water"?	Cameron	Spielberg	Nolan	Scott
What is the most popular streaming service for music in 2024?	Spotify	Apple Music	YouTube Music	Amazon Music
What is the name of the Chinese technology company known for its smartphones and smartwatches?	Xiaomi	Huawei	Oppo	Vivo
Who is the current president of France?	Macron	Hollande	Sarkozy	Le Pen
What is the name of the virtual assistant developed by Google?	Google Assistant	Alexa	Siri	Cortana
Which company created the e-commerce platform called Taobao?	Alibaba	Amazon	eBay	JD.com
What is the name of the satellite-based navigation system developed by Russia?	GLONASS	GPS	Galileo	Beidou
What is the name of the first privately developed spacecraft to reach orbit?	Dragon	Falcon	Starship	New Shepard
Who is the CEO of the online payment company Square?	Dorsey	Musk	Zuckerberg	Bezos
What is the most spoken language in India?	Hindi	Bengali	Tamil	Telugu
Which video game is known for its character Mario?	Mario	Sonic	Donkey Kong	Link
What is the name of the most recent Mars rover sent by NASA?	Perseverance	Curiosity	Spirit	Opportunity
What is the name of the high-speed train network in Japan?	Shinkansen	TGV	ICE	KTX
Which company developed the video game "The Legend of Zelda"?	Nintendo	Sony	Sega	Microsoft
Who is the founder of the electric vehicle company Rivian?	Scaringe	Musk	Bezos	Jobs
Who was the man convicted of masterminding the 1969 LaBianca-Tate murders?	Charles Manson	Ed Gein	Ted Bundy	Jim Jones
In phonetics, the z in 'zoo' is an example of what kind of sound?	fricative	plosive	approximant	nasal
What does the "touch of Midas" turn everything?	Gold	Invisible	Dead	Water
What Does The XP In The Operating System 'Windows XP' Actually Stand For?	Experience	Expertise	Extra Power	Express
Who did the singer Lulu marry in 1969?	Maurice Gibb	Tom Jones	Paul McCartney	Brian Wilson
Complete this popular saying: 'Give credit where credit is _______'	Due	Earned	Needed	Appreciated
What is the name of the endearing cat sound that is caused by the vibration of the false vocal cords?	A purr	A meow	A mewl	A ruff
What word is used in the NATO Phonetic Alphabet for the letter S?	Sierra	Serious	Silly	Salt
Which word is defined as 'to pawn or mortgage something'?	Impignorate	Dipthong	Deipnophobia	Erf
What metal corresponds to the Spanish term "plata"?	Silver	Gold	Iron	Copper
Which word is defined as 'having wooly or crispy hair'?	Ulotrichous	Conjubilant	Kakorrhaphiophobia	Sprunt
What is the geological term meaning 'to wear away'?	Erode	Erupt	Elevate	Emanate
Which word is defined as 'a small auxiliary engine on a ship'?	Donkey Engine	Gabelle	Grommet	Yarborough
Which word is defined as 'somebody who walks in front of you through a crowd'?	Whiffler	Firman	Salopettes	Donkey Engine
What is the fancy name for women's underwear, which is derived from a French word?	Lingerie	Corsetry	Foundation garments	Intimates
What is the Spanish word for 'reddish-brown' that signifies a cigar class?	Colorado	Blanco	Negro	Verde
In 1911 Roald Amundsen became the first person to reach where?	South Pole	The Peak of Mount Everest	The Moon	The Mariana Trench
Who Was Responsible For The Assassination Of John Lennon?	Mark David Chapman	J. D. Salinger	Lee Harvey Oswald	John Wilkes Booth
Which word is defined as 'style of shoe or boot in the 1950s with a sharp and long pointed toe'?	Winklepicker	Tittynope	Dipthong	Finifugal
In phonetics, which of these is an example of a plosive sound?	The g in 'green'	The v in 'village'	The r in 'red'	The m in 'mother'
Which word is defined as 'a tightrope walker'?	Funambulist	Gubbins	Kerfuffle	Hullaballoo
How Many Furlongs Are There In A Mile?	8	12	10	6
Which word is defined as 'outdated word meaning “armpit”'?	Oxter	Erf	Futz	Bumfuzzle
In phonetics, which of these is an example of an approximant sound?	The l in 'long'	The m in 'mother'	The f in 'fish'	The k in 'sock'
In phonetics, which of these is an example of a plosive sound?	The d in 'door'	The y in 'yellow'	The r in 'red'	The z in 'zoo'
In video game slang, what does the acronym 'NPC' stand for?	Non-player character	New player character	Non-playable challenge	Never play cautiously
Which word is defined as 'a commotion or fuss'?	Kerfuffle	Donkey Engine	Taradiddle	Bibble
How Old Was James Dean When He Died?	24	27	20	30
Which expert should you call if you're building with stone?	Mason	Carpenter	Electrician	Plumber
The part of the foot of a horse between the fetlock and the hoof is the __________	Pastern	Sole	Periople	Hock
Which word is defined as 'a small shoot growing from the root of a plant'?	Ratoon	Curmudgeon	Tittynope	Fudgel
Which term meaning "to rigidly categorize" comes from small desk compartments?	Pigeonhole	Dovetail	Crowstuff	Owlnook
What is the name of the component under which you'll find the ends of the spark plug wires?	Distributor cap	Engine cover	Oil filter	Air intake manifold
Which computer company was set up by Steven Jobs and Stephen Wozniak?	Apple	Blackberry	Microsoft	Google
What term is used to describe the process of preparing wool fibers before they are spun?	Carded	Combed	Washed	Sheared
When is the Feast of St. Nicholas?	December 6th	December 18th	December 25th	December 26th
Which word is defined as 'of, pertaining to, or resembling a hedgehog'?	Erinaceous	Sprunt	Whippersnapper	Frankenfood
What word is used in the NATO Phonetic Alphabet for the letter R?	Romeo	Rwanda	Roar	Rowboat
What word is used in the NATO Phonetic Alphabet for the letter M?	Mike	Mambo	Mauritius	Mendip
Which word is defined as 'to waste time or busy oneself aimlessly'?	Futz	Discombobulate	Cabotage	Jentacular
The word "renaissance" comes from the Old French "renaistre", which means what?	Reborn	Returned	Revolutionary	Respected
The words "Myrrh is mine, its bitter perfume breathes of life, of gathering gloom___" come from which Christmas carol?	We Three Kings	I Saw Three Ships	Once In Royal David's City	Good King Wenceslas
Which -ism is used when something out of its proper historical context?	Anachronism	Calvinism	Cynicism	Feudalism
What is the meaning of the name of the constellation Cygnus?	Swan	Ring	River	Mountain
In phonetics, which of these is an example of a plosive sound?	The p in 'pin'	The ch in 'cheese'	The n in 'no'	The m in 'mother'
Which of these words means "to treat someone like a celebrity"?	Lionize	Tigerize	Pantherize	Hyenize
What is the name given to a heat wave that occurs in autumn?	Indian summer	Mercury summer	Roman summer	Alaska summer
Which word is defined as 'an old Scots term meaning to look at somebody while they’re eating in the hope that they’ll give you some of their food'?	Groke	Quomodocunquizing	Nudiustertian	Macrosmatic
What grammatical unit can be simple, compound or complex?	Sentence	Word	Conjunction	Clause
Which word is defined as 'hand of cards containing no card above a nine'?	Yarborough	Octothorpe	Grommet	Pauciloquent
Which river flows through the Scottish city of Glasgow?	Clyde	Tay	Dee	Tweed
What is the unit of currency in Laos?	Kip	Ruble	Konra	Dollar
After how many years would you celebrate your crystal anniversary?	15	20	10	25
Whose greyscale face is on the kappa emoticon on Twitch?	Josh DeSeno	Justin DeSeno	John DeSeno	Jimmy DeSeno
Which of the General Mills Corporation's monster cereals was the last to be released in the 1970's?	Fruit Brute	Count Chocula	Franken Berry	Boo-Berry
The new One World Trade Center in Manhattan, New York City was designed by which architect? 	David Childs	Bjarke Ingels	Michael Arad	Fumihiko Maki
Directly between the Washington Monument and the Reflecting Pool is a memorial to which war?	World War II	Vietnam War	American Civil War	American Revolutionary War
Which iconic Disneyland attraction was closed in 2017 to be remodeled as a "Guardians of the Galaxy" themed ride?	Twilight Zone Tower of Terror	The Haunted Mansion	Pirates of the Caribbean	Peter Pan's Flight
What is the romanized Japanese word for "university"?	Daigaku	Toshokan	Jimusho	Shokudou
Which of the following buildings is example of a structure primarily built in the Art Deco architectural style?	Niagara Mohawk Building	Taipei 101	One Detroit Center	Westendstrasse 1
Who is the founder of "The Lego Group"?	Ole Kirk Christiansen	 Jens Niels Christiansen	Kirstine Christiansen	 Gerhardt Kirk Christiansen
Where did the pineapple plant originate?	South America	Hawaii	Europe	Asia
When was Nintendo founded?	September 23rd, 1889	October 19th, 1891	March 4th, 1887	December 27th, 1894
Earl Grey tea is black tea flavoured with what?	Bergamot oil	Lavender	Vanilla	Honey
What is a Burgee?	A flag	A rope	A window	A type of food
When was Hubba Bubba first introduced?	1979	1984	1972	1980
Which of the following Ivy League universities has its official motto in Hebrew as well as in Latin?	Yale University	Princeton University	Harvard University	Columbia University
A statue of Charles Darwin sits in what London museum?	Natural History Museum	Tate	British Museum	Science Museum
What is the highest number of Michelin stars a restaurant can receive?	Three	Four	Five	Six
What character was once considered to be the 27th letter of the alphabet?	Ampersand	Interrobang	Tilde	Pilcrow
This field is sometimes known as “The Dismal Science.”	Economics	Philosophy	Politics	Physics
In ancient Greece, if your job were a "hippeus" which of these would you own?	Horse	Weave	Guitar	Boat
What is the world's most expensive spice by weight?	Saffron	Cinnamon	Cardamom	Vanilla
What is the last letter of the Greek alphabet?	Omega	Mu	Epsilon	Kappa
The architect known as Le Corbusier was an important figure in what style of architecture?	Modernism	Neoclassical	Baroque	Gothic Revival
The term "scientist" was coined in which year?	1833	1933	1942	1796
Which language is NOT Indo-European?	Hungarian	Russian	Greek	Latvian
What does a milliner make and sell?	Hats	Shoes	Belts	Shirts
In the Morse code, which letter is indicated by 3 dots? 	S	O	A	C
Which of these words means "idle spectator"?	Gongoozler	Gossypiboma	Jentacular	Meupareunia
What is the name of the very first video uploaded to YouTube?	Me at the zoo	tribute	carrie rides a truck	Her new puppy from great grandpa vern.
What is a dead mall?	A mall with high vacancy rates or low consumer foot traffic	A mall with no stores	A mall that has been condemed	A mall after business hours
What is the full title of the Prime Minister of the UK?	First Lord of the Treasury	Duke of Cambridge	Her Majesty's Loyal Opposition	Manager of the Crown Estate
What is the star sign of someone born on Valentines day?	Aquarius	Pisces	Capricorn	Scorpio
The Fields Medal, one of the most sought after awards in mathematics, is awarded every how many years?	4	3	5	6
In what year was McDonald's founded?	1955	1964	1951	1947
What alcoholic drink is mainly made from juniper berries?	Gin	Vodka	Rum	Tequila
Which essential condiment is also known as Japanese horseradish?	Wasabi 	Mentsuyu	Karashi	Ponzu
When did the website "Facebook" launch?	2004	2005	2003	2006
What is the name given to Indian food cooked over charcoal in a clay oven?	Tandoori	Biryani	Pani puri	Tiki masala
What is the average life span of a garden ant?	15 years	24 hours	1 week	3 years
Which of these is the name of a Japanese system of alternative medicine, literally meaning "finger pressure"?	Shiatsu	Ukiyo	Majime	Ikigai
On average, Americans consume 100 pounds of what per second?	Chocolate	Potatoes	Donuts	Cocaine
The website "Shut Up & Sit Down" reviews which form of media?	Board Games	Television Shows	Video Games	Films
What was Mountain Dew's original slogan?	Yahoo! Mountain Dew... It'll tickle your innards!	Give Me A Dew	Do The Dew	Get' that barefoot feelin' drinkin' Mountain Dew
What is the name of the popular animatronic singing fish prop, singing such hits such as "Don't Worry, Be Happy"?	Big Mouth Billy Bass	Big Billy Bass	Singing Fish	Sardeen
Frank Lloyd Wright was the architect behind what famous building?	The Guggenheim	Villa Savoye	Sydney Opera House	The Space Needle
What is the currency of Poland?	Złoty	Ruble	Euro	Krone
Which American manufactured submachine gun was informally known by the American soldiers that used it as "Grease Gun"?	M3	Colt 9mm	Thompson	MAC-10
Which of the following carbonated soft drinks were introduced first?	Dr. Pepper	Coca-Cola	Sprite	Mountain Dew
Computer manufacturer Compaq was acquired for $25 billion dollars in 2002 by which company?	Hewlett-Packard	Toshiba	Asus	Dell
What does the "G" mean in "G-Man"?	Government	Going	Ghost	Geronimo
Amsterdam Centraal station is twinned with what station?	London Liverpool Street	Frankfurt (Main) Hauptbahnhof	Paris Gare du Nord	Brussels Midi
What country saw a world record 315 million voters turn out for elections on May 20, 1991?	India	United States of America	Soviet Union	Poland
Who invented Pastafarianism?	Bobby Henderson	Eric Tignor	Bill Nye	Zach Soldi
What is the Portuguese word for "Brazil"?	Brasil	Brazil	Brasilia	Brasíl
Which country has the most Trappist breweries?	Belgium	Netherlands	France	USA
What year was Apple Inc. founded?	1976	1978	1980	1974
Which Italian automobile manufacturer gained majority control of U.S. automobile manufacturer Chrysler in 2011?	Fiat	Maserati	Alfa Romeo	Ferrari
What did the Spanish autonomous community of Catalonia ban in 2010, that took effect in 2012?	Bullfighting	Fiestas	Flamenco	Mariachi
What was the name given to Japanese military dictators who ruled the country through the 12th and 19th Century?	Shogun	Ninja	Samurai	Shinobi
In a standard set of playing cards, which is the only king without a moustache?	Hearts	Spades	Diamonds	Clubs
What is the Swedish word for "window"?	F&ouml;nster	H&aring;l	Sk&auml;rm	Ruta
When was the Declaration of Independence approved by the Second Continental Congress?	July 4, 1776	May 4, 1776	June 4, 1776	July 2, 1776
Scotch whisky and Drambuie make up which cocktail?	Rusty Nail	Screwdriver	Sex on the Beach	Manhattan
What is the German word for "spoon"?	L&ouml;ffel	Gabel	Messer	Essst&auml;bchen
According to the BBPA, what is the most common pub name in the UK?	Red Lion	Royal Oak	White Hart	King's Head
What is the romanized Russian word for "winter"?	Zima	Leto	Vesna	Osen'
What is real haggis made of?	Sheep's Heart, Liver and Lungs	Sheep's Heart, Kidneys and Lungs	Sheep's Liver, Kidneys and Eyes	Whole Sheep
What is the defining characteristic of someone who is described as hirsute?	Hairy	Rude	Funny	Tall
What fast food chain has the most locations globally? 	Subway	Starbucks	McDonalds	KFC
Which slogan did the fast food company, McDonald's, use before their "I'm Lovin' It" slogan?	We Love to See You Smile	Why Pay More!?	Have It Your Way	Making People Happy Through Food
In 2013 how much money was lost by Nigerian scams?	$12.7 Billion	$95 Million	$956 Million	$2.7 Billion
Which country drives on the left side of the road?	Japan	Germany	Russia	China
Apple co-founder Steve Jobs died from complications of which form of cancer?	Pancreatic	Bone	Liver	Stomach
In a 1994 CBS interview, Microsoft co-founder Bill Gates performed what unusual trick on camera?	Jumping over an office chair	Jumping backwards over a desk	Standing on his head	Typing on a keyboard during a handstand
The Mexican Beer "Corona" is what type of beer?	Pale Lager	India Pale Ale	Pilfsner	Baltic Porter
What was the destination of the missing flight MH370?	Beijing	Kuala Lumpur	Singapore	Tokyo
Rolex is a company that specializes in what type of product?	Watches	Cars	Computers	Sports equipment
Who is a co-founder of music streaming service Spotify?	Daniel Ek	Sean Parker	Felix Miller	Michael Breidenbruecker
Linus Pauling, one of the only winners of multiple Nobel Prizes, earned his Nobel Prizes in Chemistry and what?	Peace	Physics	Economics	Physiology/Medicine
What direction does the Statue of Liberty face?	Southeast	Southwest	Northwest	Northeast
A doctor with a PhD is a doctor of what?	Philosophy	Psychology	Phrenology	Physical Therapy
What is the Italian word for "tomato"?	Pomodoro	Aglio	Cipolla	Peperoncino
Which item of clothing is usually worn by a Scotsman at a wedding?	Kilt	Skirt	Dress	Rhobes
According to the United States' CDC, one in how many Americans die annually due to smoking?	Five	Twenty	Ten	One hundred
Which logical fallacy means to attack the character of your opponent rather than their arguments?	Ad hominem	Post hoc ergo propter hoc	Tu quoque	Argumentum ad populum
Which of these companies does NOT manufacture automobiles?	Ducati	Nissan	GMC	Fiat
What was the original name of the search engine "Google"?	BackRub	CatMassage	SearchPro	Netscape Navigator
Where does water from Poland Spring water bottles come from?	Maine, United States	Hesse, Germany	Masovia, Poland	Bavaria, Poland
What are the three starter Pokemon available in Pokemon Black and White?	Snivy, Tepig, Oshawott	Snivy, Fennekin, Froakie	Chespin, Tepig, Froakie	Chespin, Fennekin, Oshawott
What is a "dakimakura"?	A body pillow	A Chinese meal, essentially composed of fish	A yoga posture	A word used to describe two people who truly love each other
What name represents the letter "M" in the NATO phonetic alphabet?	Mike	Matthew	Mark	Max
What was the soft drink Pepsi originally introduced as?	Brad's Drink	Pepsin Pop	Carolina Cola	Pepsin Syrup
Which company was originally known as "Blue Ribbon Sports"?	Nike	Adidas	Puma	Reebok
What was the original name of the search engine "Ask.com"?	Ask Jeeves	Question Central	SearchMaster	InquireNow
Where does the mineral water brand Voss come from?	Norway	Sweden	Finland	Denmark
What are the three starter Pokemon available in Pokemon Diamond and Pearl?	Turtwig, Chimchar, Piplup	Chikorita, Cyndaquil, Totodile	Treecko, Torchic, Mudkip	Snivy, Tepig, Oshawott
What is "ikigai"?	A Japanese concept meaning "a reason for being"	A type of Japanese fish dish	A traditional Japanese dance	A Japanese festival
What name represents the letter "Y" in the NATO phonetic alphabet?	Yankee	Yellow	Yogi	Yarrow
What was the original purpose of the invention of the microwave oven?	Radar technology	Communication device	Medical instrument	Weather forecasting tool
What is the primary element found in the Earth's core?	Iron	Nickel	Magnesium	Silicon
Which of these animals is capable of regeneration?	Axolotl	Dolphin	Elephant	Kangaroo
What is the national flower of Scotland?	Thistle	Rose	Daffodil	Tulip
Who was the first female Prime Minister of Pakistan?	Benazir Bhutto	Indira Gandhi	Golda Meir	Margaret Thatcher
Which planet has the shortest day in our solar system?	Jupiter	Saturn	Uranus	Neptune
What is the primary currency used in Thailand?	Baht	Ringgit	Dong	Kip
Who wrote the existential novel "Nausea"?	Jean-Paul Sartre	Albert Camus	Franz Kafka	Simone de Beauvoir
What is the main ingredient in traditional Russian borscht?	Beetroot	Cabbage	Potato	Carrot
Who is the Greek god of wine?	Dionysus	Apollo	Ares	Hermes
Which city hosted the first modern Olympic Games in 1896?	Athens	Paris	London	Rome
What is the highest mountain in North America?	Denali	Mount Whitney	Mount Elbert	Mount Rainier
Who invented the World Wide Web?	Tim Berners-Lee	Vint Cerf	Robert Kahn	Marc Andreessen
What is the capital of Kazakhstan?	Nur-Sultan	Almaty	Tashkent	Bishkek
What is the largest desert in Asia?	Gobi Desert	Arabian Desert	Thar Desert	Karakum Desert
Which country is the largest producer of opium?	Afghanistan	Myanmar	Mexico	Colombia
What is the least populated country in the world?	Vatican City	Monaco	San Marino	Liechtenstein
Who was the first emperor of China?	Qin Shi Huang	Han Gaozu	Tang Taizong	Wu Zetian
What is the primary ingredient in the Korean dish "kimchi"?	Cabbage	Radish	Carrot	Potato
What is the longest river in Asia?	Yangtze River	Yellow River	Mekong River	Indus River
Who painted "The Persistence of Memory"?	Salvador Dalí	Pablo Picasso	Vincent van Gogh	René Magritte
Which country is known as the Land of the Midnight Sun?	Norway	Sweden	Finland	Iceland
What is the most widely spoken language family in the world?	Indo-European	Sino-Tibetan	Afro-Asiatic	Niger-Congo
Which ocean is the deepest?	Pacific Ocean	Atlantic Ocean	Indian Ocean	Arctic Ocean
What is the primary function of the mitochondria in cells?	Energy production	Protein synthesis	DNA replication	Lipid metabolism
Which playwright wrote "Waiting for Godot"?	Samuel Beckett	Tom Stoppard	Harold Pinter	Arthur Miller
What is the rarest blood type in the world?	AB negative	O positive	A negative	B positive
Who was the first Secretary-General of the United Nations?	Trygve Lie	Dag Hammarskjöld	U Thant	Boutros Boutros-Ghali
What is the primary ingredient in the Italian dessert "tiramisu"?	Mascarpone cheese	Ricotta cheese	Mozzarella cheese	Parmesan cheese
What is the highest waterfall in the world?	Angel Falls	Tugela Falls	Niagara Falls	Victoria Falls
Who developed the theory of evolution by natural selection?	Charles Darwin	Alfred Russel Wallace	Gregor Mendel	Louis Pasteur
What is the capital of Ethiopia?	Addis Ababa	Nairobi	Khartoum	Kampala
What is the largest lake in Africa?	Lake Victoria	Lake Tanganyika	Lake Malawi	Lake Chad
Which artist is known for the painting "Guernica"?	Pablo Picasso	Salvador Dalí	Joan Miró	Diego Rivera
What is the primary language spoken in Brazil?	Portuguese	Spanish	French	English
Which element is the most abundant in the Earth's crust?	Oxygen	Silicon	Aluminum	Iron
What is the main export of Saudi Arabia?	Oil	Gold	Dates	Coffee
Who was the first woman to win a Nobel Prize?	Marie Curie	Dorothy Hodgkin	Irene Joliot-Curie	Rosalind Franklin
What is the tallest building in the world as of 2023?	Burj Khalifa	Shanghai Tower	Abraj Al-Bait Clock Tower	Lotte World Tower
What is the national dish of Spain?	Paella	Sushi	Tacos	Borscht
Who is the author of "One Hundred Years of Solitude"?	Gabriel Garcia Marquez	Mario Vargas Llosa	Jorge Luis Borges	Isabel Allende
What is the largest island in the world?	Greenland	New Guinea	Borneo	Madagascar
Which chemical element has the highest melting point?	Tungsten	Iron	Platinum	Gold
In cockney rhyming slang what are 'Mince Pies'?	Eyes	Skies	Lies	Flies
Which word is defined as 'a small auxiliary engine on a ship'?	Donkey Engine	Gabelle	Grommet	Yarborough
What kind of officer is charged with providing clothing, fuel, and transportation for troops?	A quartermaster	A sergeant	A major	A captain
Which word is defined as 'copious but meaningless talk or writing'?	Argle-bargle	Quomodocunquizing	Valetudinarian	Agastopia
In language, 'me' is which type of pronoun?	First person	Second person	Third person	Plural
What is the geological term meaning 'to wear away'?	Erode	Erupt	Elevate	Emanate
What does the French word 'merci' mean?	Thank you	Hello	Yes	Goodbye
The name of which place of biblical significance actually means 'House of Bread''	Bethlehem	Jerusalem	Jericho	Babylon
Which country was served by Olympic Airlines?	Greece	Italy	Spain	Egypt
What is the 3-letter order which, when given by a patient, calls for no chest compressions?	DNR (do not resuscitate)	CPR (cardiopulmonary resuscitation)	ALS (advanced life support)	SOS (save our souls)
What type of comparison is the phrase 'He was like an eagle chained to the ground' an example of?	A simile	A metaphor	An analogy	A hyperbole
In 1911 Roald Amundsen became the first person to reach where?	South Pole	The Peak of Mount Everest	The Moon	The Mariana Trench
What is a barrier that blocks flowing water?	Dam	Clam	Scam	Lamb
Which German dog breed features short legs and a long body?	Dachshund	German Shepherd	Doberman Pinscher	Rottweiler
Which is the only US state whose official song was written for a Broadway musical?	Oklahoma	Texas	California	New York
A 42 foot sperm whale has about 7 tons of __________ in it.	Oil	Blood	Sperm	Water
What are the rotating blades on an aircraft called?	Propellers	Fans	Turbines	Spinnies
Which word is defined as 'having wooly or crispy hair'?	Ulotrichous	Conjubilant	Kakorrhaphiophobia	Sprunt
How Is St Sylvester's Day Otherwise Known?	New Years Eve	Boxing Day	Easter Monday	Shrove Tuesday
Which word is defined as 'afraid of finishing anything'?	Finifugal	Groke	Gabelle	Salopettes
What is the worlds longest concrete dam?	Three Gorges Dam	Grand Coulee Dam	Hoover Dam	Oroville Dam
Cows Come In Herds, What Do Geese Come In?	Gaggles	Yarns	Flocks	Huddles
Transformers are ___________ in disguise. 	Robots	Aliens	Gods	Wizards
What Is Ghee?	Clarified Butter 	A type of buffalo, native to India	A style of dance	A cloud formation
In phonetics, which of these is an example of a plosive sound?	The g in 'green'	The v in 'village'	The r in 'red'	The m in 'mother'
What was the name of the domestic videocassette tape recorder system introduced by Sony in 1975?	Betamax	VHS	SuperMotion	Videoman
Which -ism is used when something out of its proper historical context?	Anachronism	Calvinism	Cynicism	Feudalism
What is Myrrh?	Gum resin	Herb	Incense	Precious Metal
Which word is defined as 'a harsh, discordant mixture of sounds'?	Cacophony	Cabotage	Gardyloo	Halfpace
What word is used in the NATO Phonetic Alphabet for the letter M?	Mike	Mambo	Mauritius	Mendip
What is the term for an exaggeration that uses extreme words and expressions?	Hyperbole	Metaphor	Simile	Personification
In which Florida beach town is Donald Trump's Mar-a-Lago estate?	Palm Beach	Miami Beach	Daytona Beach	Clearwater Beach
What is the name of the small candy often used to soothe coughs?	Lozenge	Gumdrop	Mint	Candy
What is an Icelandic epic called?	Saga	Chronicle	Yerlig	Jordun
In phonetics, which of these is an example of a plosive sound?	The p in 'pin'	The ch in 'cheese'	The n in 'no'	The m in 'mother'
Which word is defined as 'a small quantity of something left over'?	Tittynope	Funambulist	Blatherskite	Winklepicker
What is the name of the white fox terrier owned by boy explorer Tintin?	Snowy	Foxy	Pal	Rover
Which of these words means "to treat someone like a celebrity"?	Lionize	Tigerize	Pantherize	Hyenize
What did 'my true love give to me' on the seventh day of Christmas?	7 Swans A Swimming	7 Maids a Milking	7 Lords A Leaping	7 Drummers Drumming
What is the Spanish word for 'reddish-brown' that signifies a cigar class?	Colorado	Blanco	Negro	Verde
What is the name of the toothed object commonly used to straighten hair?	Comb	Pliers	Scissor	Razor
What is the "P" in UPS, the world's largest package delivery company?	Parcel	Postal	Pound	Pouch
What word is used in the NATO Phonetic Alphabet for the letter F?	Foxtrot	Forget	Fail	Felicity
Complete this popular saying: 'Give credit where credit is _______'	Due	Earned	Needed	Appreciated
What term for someone who tells stories and anecdotes with skill and wit?	A raconteur	A troubadour	A dilettante	A bard
What is the familiar expression for something that draws attention away from the main issue?	Red Herring	Blue Lobster	Green Shrimp	Yellow Squid
Who Opened The First Cinema In Paris In 1895?	The Lumiere Brothers	The Warner Brothers	The Cannes Brothers	The Canal Brothers
What word is used in the NATO Phonetic Alphabet for the letter U?	Uniform	Unable	Underneath	Umbrella
Where is Capitol Hill?	Washington DC	New York City	Brussels	Geneva
Which word is defined as 'loudness and clarity of enunciation'?	Lamprophony	Doodle Sack	Donkey Engine	Lackadaisical
Named after the mallow flower, mauve is a shade of what?	Purple	Red	Brown	Pink
What is the weight of a Gold Bar in Fallout: New Vegas?	35 Pounds	30 Pounds	40 Pounds	32.50 Pounds
According to the 2014-2015 Australian Bureau of Statistics, what percentage of Australians were born overseas?	28%	13%	20%	7%
The Swedish word "Grunka" means what in English?	Thing	People	Place	Pineapple
Which church's interior in Vatican City was designed in 1503 by renaissance architects including Bramante, Michelangelo and Bernini?	St. Peter's Basilica	Catania Cathedral	St. Mark’s Basilica	The Duomo of Florence
The word "abulia" means which of the following?	The inability to make decisions	The inability to stand up	The inability to concentrate on anything	A feverish desire to rip one's clothes off
Which one of these Swedish companies was founded in 1943?	IKEA	H & M	Lindex	Clas Ohlson
The Quadrangularis Reversum is best described as which of the following?	A percussion instrument	A building in Oxford University	A chess move	A geometric theorem
Which of the following  British Monarchs never appeared on a circulated pound sterling coin?	Edward VIII	Victoria	George VI	Charles II
What type of dog is 'Handsome Dan', the mascot of Yale University?	Bulldog	Yorkshire Terrier	Boxer	Pug
What does the Latin phrase "Veni, vidi, vici" translate into English?	I came, I saw, I conquered	See no evil, hear no evil, speak no evil	Life, liberty, and happiness	Past, present, and future
Which of the following is an existing family in "The Sims"?	The Goth Family	The Family	The Simoleon Family	The Proud Family
When was "YouTube" founded?	February 14, 2005	May 22, 2004	September 12, 2005	July 19, 2009
What is the most commonly used noun in the English language?	Time	Home	Water	Man
Chartreuse is a color between yellow and what?	Green	Red	Black	Purple
Disney's Haunted Mansion is home to a trio of Hitchhiking Ghosts. Which of these is NOT one of them?	Harry	Gus	Phineas	Ezra
How many calories are in a 355 ml can of Pepsi Cola?	150	200	100	155
What is the romanized Chinese word for "airplane"?	Feiji	Qiche	Zongxian	Huojian
De Eemhof, Port Zelande and Het Heijderbos are holiday villas owned by what company?	Center Parcs	Yelloh Village	Keycamp	Villa Plus
In "Resident Evil 3", how many inventory slots does Jill have at the start of the game?	10	6	8	12
Virtual reality company Oculus VR lost which of it's co-founders in a freak car accident in 2013?	Andrew Scott Reisse	Nate Mitchell	Jack McCauley	Palmer Luckey
Electronic music producer Kygo's popularity skyrocketed after a certain remix. Which song did he remix?	Ed Sheeran - I See Fire	Marvin Gaye - Sexual Healing	Coldplay - Midnight	a-ha - Take On Me
In "Battle Cats", what is Moneko / MISS Moneko's critical percentage rate?	15%	20%	10%	25%
What is the airspeed velocity of an unladen swallow?	24 MPH	15 MPH	20 MPH	200 MPH
Where is Apple Inc. headquartered?	Cupertino, California	Redwood City, California	Redmond, Washington	Santa Monica, CA
The word "aprosexia" means which of the following?	The inability to concentrate on anything	The inability to make decisions	A feverish desire to rip one's clothes off	The inability to stand up
In flight systems, what does the initialism "TCAS" stand for?	Traffic Collision Avoidance System	Traffic Communication Alert System	Traffic Configuration Alignment System	Traffic Call-sign Abbreviation System
Which of the following is not another name for the eggplant?	Potimarron	Brinjal	Guinea Squash	Melongene
Before the 19th Century, the "Living Room" was originally called the...	Parlor	Open Room	Sitting Room	Loft
What was Bank of America originally established as?	Bank of Italy	Bank of Long Island	Bank of Pennsylvania	Bank of Charlotte
Originally another word for poppy, coquelicot is a shade of what?	Red	Green	Blue	Pink
Sciophobia is the fear of what?	Shadows	Eating	Bright lights	Transportation
How long did it take the motorized window washers of the original World Trade Center to clean the entire exterior of the building?	1 Month	3 Weeks	1 Week	2 Months
In the MMO RPG "Realm of the Mad God", what dungeon is widely considered to be the most difficult?	The Shatter's	Snake Pit	The Tomb of the Acient's	The Puppet Master's Theater
The word "astasia" means which of the following?	The inability to stand up	The inability to make decisions	The inability to concentrate on anything	A feverish desire to rip one's clothes off
Which product did Nokia, the telecommunications company, originally sell?	Paper	Phones	Computers	Processors
Who founded the Khan Academy?	Sal Khan	Ben Khan	Kitt Khan	Adel Khan
How many notes are there on a standard grand piano?	88	98	108	78
Which film star has his statue in Leicester Square?	Charlie Chaplin	Paul Newman	Rowan Atkinson 	Alfred Hitchcock
Which of these banks are NOT authorized to issue currency notes in Hong Kong?	OCBC	HSBC	Standard Chartered	Bank of China
Which musician has collaborated with American producer Porter Robinson and released the 2016 song "Shelter"?	Madeon	Mat Zo	deadmau5	Zedd
What is the romanized Arabic word for "moon"?	Qamar	Najma	Kawkab	Shams
Nephelococcygia is the practice of doing what?	Finding shapes in clouds	Sleeping with your eyes open	Breaking glass with your voice	Swimming in freezing water
Which of the following languages does NOT use gender as a part of its grammar?	Turkish	German	Danish	Polish
Located in Chile, El Teniente is the world's largest underground mine for what metal?	Copper	Iron	Nickel	Silver
If you planted the seeds of Quercus robur, what would grow?	Trees	Grains	Vegetables	Flowers
What year was the RoboSapien toy robot released?	2004	2000	2001	2006
Which of the following chemicals are found in eggplant seeds?	Nicotine	Mescaline	Cyanide	Psilocybin
What year was Queen Elizabeth II born?	1926	1923	1929	1930
According to Fair Works Australia, how long do you have to work to get Long Service Leave?	7 years	2 years	8 years	6 months
What is the romanized Korean word for "heart"?	Simjang	Aejeong	Jeongsin	Segseu
If someone said "you are olid", what would they mean?	You smell extremely unpleasant.	You are out of shape/weak.	Your appearance is repulsive.	You are incomprehensible/an idiot.
Which of these cities does NOT have a United States Minting location?	St. Louis, MO	San Fransisco, CA	Philidelphia, PA	West Point, NY
The words "bungalow" and "shampoo" originate from the languages of which country?	India	Papua New Guinea	Ethiopia	China
What was the third country to have a McDonald's restaurant?	Costa Rica	Japan	France	Australia
KLM Is The National Airline Of Which Country?	The Netherlands 	Belgium	Sweden	Spain
In which country was natural gas first used as a source of energy?	China	Greece	The USA	Britain
Which word is defined as 'two dozen sheets of paper'?	Quire	Whiffler	Ragamuffin	Ragamuffin
What does the term 'D.B.A.' stand for in the legal industry?	Doing Business As	Demanding Better Accountability	Direct Business Action	Digital Business Analytics
What type of paper do you need to cook fish en papillote, in order to seal in the flavor and juices?	Parchment paper	Newspaper	Rice paper	Wrapping paper
What is the art of clipping trees and hedges?	Topiary	Compostation	Drapery	Pottery
What was the real name of Eric Morecambes partner?	Ernest Wiseman	Jeffrey Wallis	Lars Friedel	Matthew Flaunt
Which reindeer isn't mentioned in the poem 'The Night Before Christmas''	Rudolph	Blitzen	Donner	Dancer
What is the term for an exaggeration that uses extreme words and expressions?	Hyperbole	Metaphor	Simile	Personification
Which word is defined as 'a small auxiliary engine on a ship'?	Donkey Engine	Gabelle	Grommet	Yarborough
According to the nursery rhyme, who, 'sat in the corner eating a Christmas Pie''?	Little Jack Horner	Humpty Dumpty	Jack	Happy Hungry Harry
What word is used in the NATO Phonetic Alphabet for the letter X?	X-ray	Xzylophone	Xenophobe	Xylose
In 1968 Which British Coin Was Introduced To Replace The Ten Shilling Note?	50 Pence	£2	20 Pence	15 Pence
Which word is used to describe early achievement in children?	Precocious	Prodigious	Intelligent	Miraculous
Which word is defined as 'coarsely abusive language'?	Billingsgate	Ragamuffin	Pauciloquent	Collywobbles
How Is St Sylvester's Day Otherwise Known?	New Years Eve	Boxing Day	Easter Monday	Shrove Tuesday
How many days will it be before an analogue clock losing 30 minutes a day shows the right time again?	24	12	30	365
What middle initial is shared by film director Cecil DeMille and basketball star Kobe Bryant?	B	C	D	E
What is the name of the component under which you'll find the ends of the spark plug wires?	Distributor cap	Engine cover	Oil filter	Air intake manifold
What is a word refers to a decorative structure that can hang above a baby's crib?	Mobile	Chandelier	Lampshade	Pendant
What is a monotreme?	An egg laying mammal	A single sailed boat	A form of colour blindness	A stringed instrument
From the Christmas Carol "Good King Wenceslas", where was Good King Wenceslas the King of?	Bohemia	Prussia	Silesia	Moravia
What word is used in the NATO Phonetic Alphabet for the letter C?	Charlie	Catalog	Criminal	Cart
Which word is defined as 'making money in any way that you can'?	Quomodocunquizing	Agastopia	Snickersnee	Jentacular
What word is used in the NATO Phonetic Alphabet for the letter W?	Whiskey	Wizard	Warlock	Womble
What is the French term for a killing stroke delivered as a merciful act?	Coup de grâce	Tête à tête	Entente cordiale	Merci beaucoup
What is the name given to a heat wave that occurs in autumn?	Indian summer	Mercury summer	Roman summer	Alaska summer
How Old Was James Dean When He Died?	24	27	20	30
Which US President is quoted as saying "I'm President of the United States, and I'm not going to eat any more broccoli!"?	George H.W. Bush	Barack Obama	Bill Clinton	Donald Trump
Which of these adjectives means "close to fainting or lightheaded"?	Woozy	Parched	Zealous	Nauseous
What is the familiar expression for something that draws attention away from the main issue?	Red Herring	Blue Lobster	Green Shrimp	Yellow Squid
What word refers to the tense used in phrases like 'she had departed'.	Pluperfect	Past perfect	Present perfect	Future perfect
Which word is defined as 'genetically modified food'?	Frankenfood	Finifugal	Macrosmatic	Poppycock
In phonetics, the m in 'mother' is an example of what kind of sound?	nasal	fricative	affricative	plosive
What Does Dracula Mean?	Son of the Dragon	Evil Eyes	Blood Hunger	Lord of the Tower
Which computer company was set up by Steven Jobs and Stephen Wozniak?	Apple	Blackberry	Microsoft	Google
What is the term for the polishing and cutting of stones and gems?	Lapidary	Byzantine	Iconography	Philately
In phonetics, which of these is an example of an approximant sound?	The r in 'red'	The ch in 'cheese'	The t in 'train'	The sh in 'shop'
In cockney rhyming slang what are 'Mince Pies'?	Eyes	Skies	Lies	Flies
In HVAC what do the letters AC stand for?	Air conditioning	Asbestos control	Allergen correction	Audio capabilities
What mistake did Coca-Cola make in 1985?	New Coke	Aqua Cola	Dasani	Orange Cola
What is the term for a list of places to visit on a journey?	Itinerary	List	Voyage	Menu
Which word is defined as 'to disconcert of confuse'?	Discombobulate	Cacophony	Dragoman	Dragoman
Which phrase is often used to mean that one cannot use something up and still have it available afterwards?	"You can't have your cake and eat it too"	"Waste not, want not"	"A penny saved is a penny earned"	"Actions speak louder than words"
What Is A Female Goat Called?	A Nanny	A Billy	A Gertie	A Hattie
Which expert should you call if you're building with stone?	Mason	Carpenter	Electrician	Plumber
When visiting Finland, Santa leaves his sleigh behind and rides on what?	A goat	A goose	A broomstick	Rudolph
Which iconic sports car designed by Carroll Shelby was produced during the 1960s?	Cobra	Mustang	Charger	Thunderbird
What is the sound made by a horse when it 'whinnies'?	Neigh	Moo	Baa	Oink
Which word is defined as 'a tightrope walker'?	Funambulist	Gubbins	Kerfuffle	Hullaballoo
What is the term for the art or study of using language to persuade, which comes from the Greek word for "orator"?	Rhetoric	Didactic	Syntax	Semantics
What is Myrrh?	Gum resin	Herb	Incense	Precious Metal
What is the idiom used to describe a situation where there is little difference between two options or choices?	Six of one, half dozen of another	A penny for your thoughts	A bird in the hand is worth two in the bush	Don't put all your eggs in one basket
What is the Spanish word for 'reddish-brown' that signifies a cigar class?	Colorado	Blanco	Negro	Verde
Which word is defined as 'uttering few words; brief in speech'?	Pauciloquent	Grommet	Lackadaisical	Borborygmus
In language, 'me' is which type of pronoun?	First person	Second person	Third person	Plural
Of What Is A Jenny The Female?	Donkey	Sheep	Goat	Horse
In phonetics, which of these is an example of an affricative sound?	The ch in 'cheese'	The v in 'village'	The y in 'yellow'	The b in 'boat'
Philippe Bourguignon left the chairmanship of Eurodisney to join which group of resorts?	Club Med	Holiday Inn Resorts	Ski.com	Radisson Blu Resorts
Who was born with the name Cassius Clay?	Mohammed Ali	Bob Dylan	Woody Allen	Prince
The words "Myrrh is mine, its bitter perfume breathes of life, of gathering gloom___" come from which Christmas carol?	We Three Kings	I Saw Three Ships	Once In Royal David's City	Good King Wenceslas
How Old Was Playboy Founder Hugh Hefner When He Launched The First Edition Of 'Playboy''?	27	15	47	70
Although the Poodle is widely associated with France, in which country is it believed to have originated?	Germany	Egypt	India	Spain
What was the name of the domestic videocassette tape recorder system introduced by Sony in 1975?	Betamax	VHS	SuperMotion	Videoman
What does the name Dracula mean in Romanian? 	Son of the Dragon	The Beast	Blood Snatcher	Night Lord
What Sort Of Animal Was Tarka?	Otter	Squirrel	Turtle	Bear
Which word is defined as 'an interpreter or professional guide for travelers'?	Dragoman	Smicker	Grommet	Ragamuffin
What word is used in the NATO Phonetic Alphabet for the letter D?	Delta	Dog	Danube	Dig
Which word is defined as 'a morbid fear of dinner parties'?	Deipnophobia	Cacophony	Cabotage	Futz
What type of comparison is the phrase 'He was like an eagle chained to the ground' an example of?	A simile	A metaphor	An analogy	A hyperbole
A 42 foot sperm whale has about 7 tons of __________ in it.	Oil	Blood	Sperm	Water
What is the name of the component under which you'll find the ends of the spark plug wires?	Distributor cap	Engine cover	Oil filter	Air intake manifold
Where did the first atomic bomb explode?	New Mexico	Nagasaki	Hiroshima	Bikini Atoll
Which word is defined as 'making money in any way that you can'?	Quomodocunquizing	Agastopia	Snickersnee	Jentacular
What is the fancy name for women's underwear, which is derived from a French word?	Lingerie	Corsetry	Foundation garments	Intimates
Green Room, Crystal Cathedral & Walking The Dog are all terms from what?	Surfing	Yoga	Piano Playing	Ballroom Dancing
What is the expression used to describe a check that failed to clear due to insufficient funds?	bounced	delayed	rejected	invalid
What does 'DMZ' stand for?	De Militarized Zone	Definite Multivariate Zone	Deregulated Monetary Zone	Decompression Minimum Zone
As of 2023, what is the most used web browser?	Google Chrome	Mozilla Firefox	Microsoft Edge	Safari
Which country was served by Olympic Airlines?	Greece	Italy	Spain	Egypt
What word is used in the NATO Phonetic Alphabet for the letter S?	Sierra	Serious	Silly	Salt
What engineering achievement made it much easier to sail between the Atlantic and Pacific oceans?	The Panama Canal	The Golden Gate Bridge	The Bay Bridge	The Sacramento-San Joaquin Delta
Which word is defined as 'loudness and clarity of enunciation'?	Lamprophony	Doodle Sack	Donkey Engine	Lackadaisical
Which word is defined as 'pretentious nonsense'?	Taradiddle	Macrosmatic	Donkey Engine	Tittynope
Which word, borrowed from Spanish, means "insane"?	Loco	Fiesta	Amigo	Churro
Which word is defined as 'of, pertaining to, or resembling a hedgehog'?	Erinaceous	Sprunt	Whippersnapper	Frankenfood
What word is used in the NATO Phonetic Alphabet for the letter U?	Uniform	Unable	Underneath	Umbrella
What is the name of the shoulder-held weapon used for firing armor-piercing rockets?	Bazooka	Grenade	Mortar	HIMARS
Which word is defined as 'admiration of a particular part of someone’s body'?	Agastopia	Dragoman	Oxter	Jentacular
What Is Measured Using The Troy System?	Precious Metals	Radiation	Wind Strength	Acidity
What Is The Scirocco?	A Wind 	A Dance	An Art Movement	A Mythical Creature
What word is used in the NATO Phonetic Alphabet for the letter Y?	Yankee	Yearly	Yum	Yurt
What middle initial is shared by film director Cecil DeMille and basketball star Kobe Bryant?	B	C	D	E
Which word is defined as 'fish parings or refuse'?	Gubbins	Gardyloo	Obelus	Smicker
Which word is defined as 'somebody who walks in front of you through a crowd'?	Whiffler	Firman	Salopettes	Donkey Engine
What type of baby product is Huggies?	Diapers	Formula Milk	Medicine	Food
In cockney rhyming slang what are 'Mince Pies'?	Eyes	Skies	Lies	Flies
In French, what does the word 'qui' translate to?	Who	What	When	Where
What is the name of the university formerly known as Trinity College, which was named after a tobacco family that donated millions to the school?	Duke	Harvard	Yale	Princeton
Where did the famous witch trials of New England take place?	Salem	Greensboro	Alexandria	Wilmington
What is the fancy name for women's underwear, which is derived from a French word?	Lingerie	Corsetry	Foundation garments	Intimates
What word is used in the NATO Phonetic Alphabet for the letter B?	Bravo	Boot	Ball	Baby
Which US President is quoted as saying "I'm President of the United States, and I'm not going to eat any more broccoli!"?	George H.W. Bush	Barack Obama	Bill Clinton	Donald Trump
What Do Dutch Children Traditionally Put Out For Santa To Fill?	Clogs	Feather Caps	Empty truckles of edam	Leather cups
What is Myrrh?	Gum resin	Herb	Incense	Precious Metal
Who did the singer Lulu marry in 1969?	Maurice Gibb	Tom Jones	Paul McCartney	Brian Wilson
What is the geological term meaning 'to wear away'?	Erode	Erupt	Elevate	Emanate
Which word is defined as 'a bad-tempered person'?	Curmudgeon	Bumfuzzle	Borborygmus	Deipnophobia
What term means to prudishly edit vulgar bits out of a written work, named after someone who did it to Shakespeare?	Bowdlerize	Censor	Redact	Amend
Which word is defined as 'an old Scots term meaning to look at somebody while they’re eating in the hope that they’ll give you some of their food'?	Groke	Quomodocunquizing	Nudiustertian	Macrosmatic
In HVAC what do the letters AC stand for?	Air conditioning	Asbestos control	Allergen correction	Audio capabilities
What grammatical unit can be simple, compound or complex?	Sentence	Word	Conjunction	Clause
Which word is defined as 'to waste time or busy oneself aimlessly'?	Futz	Discombobulate	Cabotage	Jentacular
What is the plural of "radius"?	Radii	Radies	Radiusses	Radiants
Which word is defined as 'to engage in cut-and-thrust fighting with knives'?	Snickersnee	Curmudgeon	Xertz	Cattywampus
What is the slang term commonly used for a tornado?	Twister	Spinster	Twirlster	Rollster
What is the Latin term for "the arm"?	Bracchium	Caput	Pedis	Oculus
Which BBC Weather Man Famously Denied Reports Of A Possible Hurricane In 1987?	Michael Fish 	Gordon Jones	Harry Mortimer	Brian Daniels
Which character invariably misused english words?	Mrs Malaprop	Mrs Uninten	Mrs Misparl	Mrs Anagob
Which word is defined as 'copious but meaningless talk or writing'?	Argle-bargle	Quomodocunquizing	Valetudinarian	Agastopia
After whom was America named?	Amerigo Vespucci	Aymeric Santiago	Merica Bonnuci	Amir Icarlo
Which word is defined as 'having an unfriendly disposition'?	Ill-willie	Fipple	Oxter	Octothorpe
What is the name of the university formerly known as Trinity College, which was named after a tobacco family that donated millions to the school?	Duke	Harvard	Yale	Princeton
Which word is defined as 'used in Edinburgh as a warning cry when it was customary to throw slops from the windows into the streets'?	Gardyloo	Halfpace	Oxter	Nudiustertian
The Average Woman Has 9 Pints Of Blood, How Much Has The Average Man	12 Pints	9 Pints	7 Pints	10 Pints
What is the basic unit of currency for Afghanistan?	Afghani	Rial	Dinar	Derum
What is the Spanish word for "thank you"?	Gracias	Por favor	Adios	Hola
Which of these architectural features is an outdoor corridor or gallery with a fully covered roof  and an outer wall that is open to the elements?	Loggia	Terrace	Gazebo	Patio
What is the type of lock that has no spring and typically uses a bar that either moves horizontally or vertically?	Deadbolt	Padlock	Combination lock	Digital lock
What French word means 'to feel sorry for' and means 'street' in France?	Rue	Avenue	Boulevard	Lane
Which word is defined as 'an old Scottish word meaning to chase girls around among the haystacks after dark'?	Sprunt	Bumfuzzle	Salopettes	Kakorrhaphiophobia
What Does Dracula Mean?	Son of the Dragon	Evil Eyes	Blood Hunger	Lord of the Tower
What middle initial is shared by film director Cecil DeMille and basketball star Kobe Bryant?	B	C	D	E
How many astronauts manned each Apollo flight?	Three	Four	Five	Six
What is the basic unit of currency for Turkey?	Lira	Dinar	Dollar	Rial
What body part are you said to have 'in the door' if you're lucky, and 'in the grave' if you're not?	a foot	a hand	an ear	a nose
What word is used in the NATO Phonetic Alphabet for the letter J?	Juliett	Jump	Jericho	Jolly
What is the result of the mathematical operation obtained by subtracting the number of Snow White's dwarfs from the original title number of 'Disney Dalmatians'?	94	97	89	91
Which computer company was set up by Steven Jobs and Stephen Wozniak?	Apple	Blackberry	Microsoft	Google
What is the meaning of the term 'bon mot'?	A quip	A type of hat	A food dish	A dance move
Which American Military Academy was established in 1802 on the Hudson river?	West Point	East Point	North Point	South Point
Which popular games console was released by Nintendo in 1998?	Game Boy	Atari 2600	Sega Genesis	PlayStation
Which word is defined as 'a morbid fear of dinner parties'?	Deipnophobia	Cacophony	Cabotage	Futz
Where did the first atomic bomb explode?	New Mexico	Nagasaki	Hiroshima	Bikini Atoll
What does psychoprophylaxis teach a mother to control and relax during pregnancy and childbirth?	Breathing	Pushing	Emotions	Noise
What is the world's largest library, with over 115 million volumes on 532 miles of bookshelves?	Library of Congress	The British Library	The New York Public Library	The Vatican Library
What is the state or quality of being all-powerful?	Omnipotence	Omniscience	Omnipresence	Omnivore
Which word is defined as 'somebody who walks in front of you through a crowd'?	Whiffler	Firman	Salopettes	Donkey Engine
Which word is defined as 'making money in any way that you can'?	Quomodocunquizing	Agastopia	Snickersnee	Jentacular
What is a monotreme?	An egg laying mammal	A single sailed boat	A form of colour blindness	A stringed instrument
What type of animal is a caribou?	A Reindeer	A Whale	A Mouse	A Spider
Cocci, Spirilla, and Streptococci are types of what?	Bacteria	Virus	Blood Cell	Gland
Who was forced by the inquisition to recant his belief in the Copernican Theory?	Galileo	Einstein	Michaelangelo	Plato
Who invented the centigrade scale?	Anders Celsius	Celso de Gama	Max Gradel	Hoff Zimmerman
Magnetite, which is noted for its natural magnetism, is an important ore of which metal?	Iron	Copper	Gold	Aluminum
What is Axiology the study of?	The nature of value	Existence	Very low temperatures	Neural diseases
What is a female walrus known as?	A Cow	A Worker	A Jenny	A Soar
A young cockroach is known as what?	A Nymph	A Kitten	A Hatchling	A Chick
Who developed the polio vaccine?	Jonas Salk	Edward Jenner	Alexander Fleming	Louis Pasteur
What is Sinology the study of?	China	fossil footprints, tracks and burrows	the moon	everything
Who discovered Penicillin?	Alexander Fleming	Robert Fulton	Stephanie Kwolek	James Watt
What is the common name for the scapula?	Shoulder blade	Ribs	Collar Bone	Kneecap
What is Formicology the study of?	Ants	Wine	Water	Algae
What is the name of the minute organisms found drifting near the surface of seas and lakes? 	Plankton	Fishes	Algae	Larvae
Where Is The Natural Habitat Of The Cheese Plant?	Central America	Africa	Indonesia	Japan
What is Proctology the study of?	the hind regions (rectum, anus, colon and pelvic floor) of the body	the functions of the nervous system	grasses	crime
Which of the following is a symptom of asthma?	Shortness of breath	Fever	Weight loss	Headache
A male seal is known as what?	A Bull	A Tom	A Macho	A Buck
What is the term for the group of plants that catch and digest insects?	Carnivorous	Trap	Pitcher	Belljar
What is the word for a male eagle?	A Tiercel	A Macho	A Cock	A Billy
What would you call a male manatee?	A Bull	A Hob	A Cob	A Billy
What Does A Butterfly Use To Taste?	Feet	Antennae	Nose	Anus
What is the word for a group of pigs?	A litter	A swarm	A flight	A watch
A male sea lion is known as what?	A Bull	A Drone	A Tiercel	A Rooster
What is Batology the study of?	Brambles	Vaccines	Christianity	Pollen
What part of the body is affected by dermatitis?	Skin	Hair	Heart	Feet
What part of the body does carditis affect?	Heart	Soul	Blood	Eyes
What is Vexillology the study of?	Flags	Spiders	Languages	God
What is the term used for a burn in which only the epidermis is affected?	a first-degree burn	a flesh wound	a contact burn	a cut
What is testosterone?	A hormone	A gland	An amino acid	A sugar
What is balneology the study of?	The thereputic effects of bathing	Plasma	Balinese culture	Victims of crime
A female mule is known as what?	A Jenny	A Cow	A Sow	A Hembra
What is the medical term for the condition that causes heartburn?	Acid reflux	Heart disease	Pneumonia	Gastritis
What is the mathematical term used to describe the shape of a cell in a honeycomb? 	Hexagon	Pentagon	Octagon	Dodecahedron
What would you call a baby owl?	An Owlet	A Caterpillar	A Codling	A Colt
What is Phytopathology the study of?	plant diseases	flies	schematic layouts	nerves
What is the biggest planet in the Solar System?	Jupiter	Saturn	Uranus	Neptune
In which organ is a pulmonary disease located?	Lung	Heart	Liver	Brain
From what animal is ambergris obtained?	Sperm Whale	Anaconda	Silverback Gorilla	Tortoise
What is the word for a group of cubs?	A litter	A flight	A barren	A bevy
Who Invented The ZX80, The First Widely Available Personal Computer?	Clive Sinclair	Tim Berners Lee	Alan Sugar	Bill Gates
Which moon is our solar system's most cratered satellite?	Callisto	Io	Luna	Titan
How Many Chambers Are There In Your Heart?	4	2	3	1
What Type Of Insects Are Hawkers, Clubtails, Biddies, Emeralds, Darts & Skimmers	Dragon Flies	Ants	Woodlice	Beetles
Which space shuttle, commanded by John Young, was the first manned U.S. spacecraft to land on land on April 14, 1981?	Columbia	Challenger	Discovery	Endeavour
A young otter is known as what?	A Pup	A Larva	A Farrow	A Joey
Which Insect Has A Pair Of Prominent Pincers At The Tip Of It's Abdomen?	Earwig	Ant	Praying Mantis	Woodlouse
What Communication Aid Was Invented In 1905 By American Undertaker Almon Strowger	The Dial Telephone	The Hearing Aid	The Telegram	The Microphone
What would you call a female zebra?	A Mare	A Worker	A Nanny	A Cow
What term is used to describe a number of skin inflammations and is from the Greek word for 'skin'?	Dermatitis	Eczema	Psoriasis	Acne